k,psiUnw,sUsed,v_cmd
1,0.41839505000659,11.9999999999998,3.80359136369627
2,0.41839505000659,0.999999999999979,3.80359136369627
3,0.41839505000659,0.999999999999979,3.80359136369627
4,0.41839505000659,0.999999999999979,3.80359136369627
5,0.41839505000659,0.999999999999979,3.80359136369627
6,0.456430963643553,1.00000000000015,3.80359136369627
7,0.494466877280516,1.00000000000016,3.80359136369627
8,0.532502790917478,1.00000000000016,3.80359136369627
9,1.00832064108859,9.00000000000141,5.28686500190123
10,1.0611892911076,1.00000000000016,5.28686500190123
11,1.61207556169854,8.99999999999928,6.88607838238679
12,1.90413640512019,4.99999999999901,7.30152108554104
13,1.90413640512019,0.999999999999801,7.30152108554104
14,1.90413640512019,0.999999999999801,7.30152108554104
15,1.90413640512019,0.999999999999801,7.30152108554104
16,1.90413640512019,0.999999999999801,7.30152108554104
17,1.90413640512019,0.999999999999801,7.30152108554104
18,1.90413640512019,0.999999999999801,7.30152108554104
19,1.90413640512019,0.999999999999801,7.30152108554104
20,1.90413640512019,0.999999999999801,7.30152108554104
21,1.90413640512019,0.999999999999801,7.30152108554104
22,1.90413640512019,0.999999999999801,7.30152108554104
23,1.90413640512019,0.999999999999801,7.30152108554104
24,1.90413640512019,0.999999999999801,7.30152108554104
25,1.90413640512019,0.999999999999801,7.30152108554104
26,1.90413640512019,0.999999999999801,7.30152108554104
27,1.90413640512019,0.999999999999801,7.30152108554104
28,1.90413640512019,0.999999999999801,7.30152108554104
29,1.90413640512019,0.999999999999801,7.30152108554104
30,1.90413640512019,0.999999999999801,7.30152108554104
31,1.90413640512019,0.999999999999801,7.30152108554104
32,1.90413640512019,0.999999999999801,7.30152108554104
33,1.90413640512019,0.999999999999801,7.30152108554104
34,1.9771516159756,1.00000000000051,7.30152108554104
35,2.05016682683101,1.00000000000051,7.30152108554104
36,2.12318203768642,1.00000000000051,7.30152108554104
37,2.19626152994927,1.00000000000051,7.30794922628513
38,2.26934102221212,1.00000000000051,7.30794922628513
39,2.34242051447497,1.00000000000051,7.30794922628513
40,2.41550000673782,1.00000000000051,7.30794922628513
41,2.48857949900067,1.00000000000051,7.30794922628513
42,2.56165899126353,1.00000000000051,7.30794922628513
43,2.63473848352638,1.00000000000051,7.30794922628513
44,2.7774269548071,2.00000000000102,7.1344235640359
45,2.84877119044745,1.00000000000051,7.1344235640359
46,2.92011542608781,1.00000000000051,7.1344235640359
47,2.99145966172817,1.00000000000051,7.1344235640359
48,3.06280389736853,1.00000000000051,7.1344235640359
49,3.13414813300889,1.00000000000051,7.1344235640359
50,3.20549236864925,1.00000000000051,7.1344235640359
51,3.67243632638125,8.00000000000409,5.83679947165005
52,3.99092825951045,6.00000000000307,5.30819888548657
53,4.04401024836531,1.00000000000051,5.30819888548657
54,4.09709223722018,1.00000000000051,5.30819888548657
55,4.15017422607504,1.00000000000051,5.30819888548657
56,4.20325621492991,1.00000000000051,5.30819888548657
57,4.52989054453734,11.0000000000056,2.96940299643121
58,4.55958457450165,1.00000000000051,2.96940299643121
59,4.58927860446596,1.00000000000051,2.96940299643121
60,4.61897263443028,1.00000000000051,2.96940299643121
61,4.64866666439459,1.00000000000051,2.96940299643121
62,4.6783606943589,1.00000000000051,2.96940299643121
63,4.70805472432321,1.00000000000051,2.96940299643121
64,4.73774875428752,1.00000000000051,2.96940299643121
65,4.86985854319114,4.00000000000205,3.30274472259049
66,4.90288599041705,1.00000000000051,3.30274472259049
67,4.93591343764295,1.00000000000051,3.30274472259049
68,4.96894088486886,1.00000000000051,3.30274472259049
69,5.00196833209476,1.00000000000051,3.30274472259049
70,5.03499577932067,1.00000000000051,3.30274472259049
71,5.06802322654657,1.0000000000005,3.30274472259049
72,5.06802322654657,0.999999999999091,3.30274472259049
73,5.06802322654657,0.999999999999091,3.30274472259049
74,5.06802322654657,0.999999999999091,3.30274472259049
75,5.06802322654657,0.999999999999091,3.30274472259049
76,5.06802322654657,0.999999999999091,3.30274472259049
77,5.06802322654657,0.999999999999091,3.30274472259049
78,5.06802322654657,0.999999999999091,3.30274472259049
79,5.06802322654657,0.999999999999091,3.30274472259049
80,5.06802322654657,0.999999999999091,3.30274472259049
81,5.06802322654657,0.999999999999091,3.30274472259049
82,5.06802322654657,0.999999999999091,3.30274472259049
83,5.06802322654657,0.999999999999091,3.30274472259049
84,5.06802322654657,0.999999999999091,3.30274472259049
85,5.06802322654657,0.999999999999091,3.30274472259049
86,5.06802322654657,0.999999999999091,3.30274472259049
87,5.06802322654657,0.999999999999091,3.30274472259049
88,5.06802322654657,0.999999999999091,3.30274472259049
89,5.06802322654657,0.999999999999091,3.30274472259049
90,5.06802322654657,0.999999999999091,3.30274472259049
91,5.06802322654657,0.999999999999091,3.30274472259049
92,5.06802322654657,0.999999999999091,3.30274472259049
93,5.06802322654657,0.999999999999091,3.30274472259049
94,5.06802322654657,0.999999999999091,3.30274472259049
95,5.06802322654657,0.999999999999091,3.30274472259049
96,5.06802322654657,0.999999999999091,3.30274472259049
97,5.06802322654657,0.999999999999091,3.30274472259049
98,5.06802322654657,0.999999999999091,3.30274472259049
99,5.06802322654657,0.999999999999091,3.30274472259049
100,5.06802322654657,0.999999999999091,3.30274472259049
101,5.06802322654657,0.999999999999091,3.30274472259049
102,5.06802322654657,0.999999999999091,3.30274472259049
103,5.06802322654657,0.999999999999091,3.30274472259049
104,5.06802322654657,0.999999999999091,3.30274472259049
105,5.06802322654657,0.999999999999091,3.30274472259049
106,5.06802322654657,0.999999999999091,3.30274472259049
107,5.06802322654657,0.999999999999091,3.30274472259049
108,5.06802322654657,0.999999999999091,3.30274472259049
109,5.06802322654657,0.999999999999091,3.30274472259049
110,5.06802322654657,0.999999999999091,3.30274472259049
111,5.06802322654657,0.999999999999091,3.30274472259049
112,5.06802322654657,0.999999999999091,3.30274472259049
113,5.06802322654657,0.999999999999091,3.30274472259049
114,5.06802322654657,0.999999999999091,3.30274472259049
115,5.06802322654657,0.999999999999091,3.30274472259049
116,5.06802322654657,0.999999999999091,3.30274472259049
117,5.06802322654657,0.999999999999091,3.30274472259049
118,5.06802322654657,0.999999999999091,3.30274472259049
119,5.06802322654657,0.999999999999091,3.30274472259049
120,5.06802322654657,0.999999999999091,3.30274472259049
121,5.06802322654657,0.999999999999091,3.30274472259049
122,5.06802322654657,0.999999999999091,3.30274472259049
123,5.06802322654657,0.999999999999091,3.30274472259049
124,5.06802322654657,0.999999999999091,3.30274472259049
125,5.06802322654657,0.999999999999091,3.30274472259049
126,5.06802322654657,0.999999999999091,3.30274472259049
127,5.06802322654657,0.999999999999091,3.30274472259049
128,5.06802322654657,0.999999999999091,3.30274472259049
129,5.06802322654657,0.999999999999091,3.30274472259049
130,5.06802322654657,0.999999999999091,3.30274472259049
131,5.06802322654657,0.999999999999091,3.30274472259049
132,5.06802322654657,0.999999999999091,3.30274472259049
133,5.06802322654657,0.999999999999091,3.30274472259049
134,5.06802322654657,0.999999999999091,3.30274472259049
135,5.06802322654657,0.999999999999091,3.30274472259049
136,5.06802322654657,0.999999999999091,3.30274472259049
137,5.06802322654657,0.999999999999091,3.30274472259049
138,5.06802322654657,0.999999999999091,3.30274472259049
139,5.06802322654657,0.999999999999091,3.30274472259049
140,5.06802322654657,0.999999999999091,3.30274472259049
141,5.06802322654657,0.999999999999091,3.30274472259049
142,5.06802322654657,0.999999999999091,3.30274472259049
143,5.06802322654657,0.999999999999091,3.30274472259049
144,5.06802322654657,0.999999999999091,3.30274472259049
145,5.06802322654657,0.999999999999091,3.30274472259049
146,5.06802322654657,0.999999999999091,3.30274472259049
147,5.06802322654657,0.999999999999091,3.30274472259049
148,5.06802322654657,0.999999999999091,3.30274472259049
149,5.06802322654657,0.999999999999091,3.30274472259049
150,5.06802322654657,0.999999999999091,3.30274472259049
151,5.06802322654657,0.999999999999091,3.30274472259049
152,5.06802322654657,0.999999999999091,3.30274472259049
153,5.06802322654657,0.999999999999091,3.30274472259049
154,5.06802322654657,0.999999999999091,3.30274472259049
155,5.06802322654657,0.999999999999091,3.30274472259049
156,5.06802322654657,0.999999999999091,3.30274472259049
157,5.06802322654657,0.999999999999091,3.30274472259049
158,5.06802322654657,0.999999999999091,3.30274472259049
159,5.06802322654657,0.999999999999091,3.30274472259049
160,5.06802322654657,0.999999999999091,3.30274472259049
161,5.06802322654657,0.999999999999091,3.30274472259049
162,5.06802322654657,0.999999999999091,3.30274472259049
163,5.06802322654657,0.999999999999091,3.30274472259049
164,5.06802322654657,0.999999999999091,3.30274472259049
165,5.06802322654657,0.999999999999091,3.30274472259049
166,5.06802322654657,0.999999999999091,3.30274472259049
167,5.06802322654657,0.999999999999091,3.30274472259049
168,5.06802322654657,0.999999999999091,3.30274472259049
169,5.06802322654657,0.999999999999091,3.30274472259049
170,5.06802322654657,0.999999999999091,3.30274472259049
171,5.06802322654657,0.999999999999091,3.30274472259049
172,5.06802322654657,0.999999999999091,3.30274472259049
173,5.06802322654657,0.999999999999091,3.30274472259049
174,5.06802322654657,0.999999999999091,3.30274472259049
175,5.06802322654657,0.999999999999091,3.30274472259049
176,5.06802322654657,0.999999999999091,3.30274472259049
177,5.06802322654657,0.999999999999091,3.30274472259049
178,5.06802322654657,0.999999999999091,3.30274472259049
179,5.06802322654657,0.999999999999091,3.30274472259049
180,5.06802322654657,0.999999999999091,3.30274472259049
181,5.06802322654657,0.999999999999091,3.30274472259049
182,5.06802322654657,0.999999999999091,3.30274472259049
183,5.06802322654657,0.999999999999091,3.30274472259049
184,5.06802322654657,0.999999999999091,3.30274472259049
185,5.06802322654657,0.999999999999091,3.30274472259049
186,5.06802322654657,0.999999999999091,3.30274472259049
187,5.06802322654657,0.999999999999091,3.30274472259049
188,5.06802322654657,0.999999999999091,3.30274472259049
189,5.06802322654657,0.999999999999091,3.30274472259049
190,5.06802322654657,0.999999999999091,3.30274472259049
191,5.06802322654657,0.999999999999091,3.30274472259049
192,5.06802322654657,0.999999999999091,3.30274472259049
193,5.06802322654657,0.999999999999091,3.30274472259049
194,5.06802322654657,0.999999999999091,3.30274472259049
195,5.06802322654657,0.999999999999091,3.30274472259049
196,5.06802322654657,0.999999999999091,3.30274472259049
197,5.06802322654657,0.999999999999091,3.30274472259049
198,5.06802322654657,0.999999999999091,3.30274472259049
199,5.06802322654657,0.999999999999091,3.30274472259049
200,5.06802322654657,0.999999999999119,3.30274472259049
201,5.06802322654657,0.999999999999091,3.30274472259049
202,5.06802322654657,0.999999999999091,3.30274472259049
203,5.06802322654657,0.999999999999091,3.30274472259049
204,5.06802322654657,0.999999999999091,3.30274472259049
205,5.06802322654657,0.999999999999091,3.30274472259049
206,5.06802322654657,0.999999999999091,3.30274472259049
207,5.06802322654657,0.999999999999091,3.30274472259049
208,5.06802322654657,0.999999999999091,3.30274472259049
209,5.06802322654657,0.999999999999091,3.30274472259049
210,5.06802322654657,0.999999999999091,3.30274472259049
211,5.06802322654657,0.999999999999091,3.30274472259049
212,5.06802322654657,0.999999999999091,3.30274472259049
213,5.06802322654657,0.999999999999091,3.30274472259049
214,5.06802322654657,0.999999999999091,3.30274472259049
215,5.06802322654657,0.999999999999091,3.30274472259049
216,5.06802322654657,0.999999999999091,3.30274472259049
217,5.06802322654657,0.999999999999091,3.30274472259049
218,5.06802322654657,0.999999999999091,3.30274472259049
219,5.06802322654657,0.999999999999091,3.30274472259049
220,5.06802322654657,0.999999999999091,3.30274472259049
221,5.06802322654657,0.999999999999091,3.30274472259049
222,5.06802322654657,0.999999999999091,3.30274472259049
223,5.06802322654657,0.999999999999091,3.30274472259049
224,5.06802322654657,0.999999999999091,3.30274472259049
225,5.06802322654657,0.999999999999091,3.30274472259049
226,5.06802322654657,0.999999999999091,3.30274472259049
227,5.06802322654657,0.999999999999091,3.30274472259049
228,5.06802322654657,0.999999999999091,3.30274472259049
229,5.06802322654657,0.999999999999091,3.30274472259049
230,5.06802322654657,0.999999999999091,3.30274472259049
231,5.06802322654657,0.999999999999091,3.30274472259049
232,5.06802322654657,0.999999999999091,3.30274472259049
233,5.06802322654657,0.999999999999091,3.30274472259049
234,5.06802322654657,0.999999999999091,3.30274472259049
235,5.06802322654657,0.999999999999091,3.30274472259049
236,5.06802322654657,0.999999999999091,3.30274472259049
237,5.06802322654657,0.999999999999091,3.30274472259049
238,5.06802322654657,0.999999999999091,3.30274472259049
239,5.06802322654657,0.999999999999091,3.30274472259049
240,5.06802322654657,0.999999999999091,3.30274472259049
241,5.06802322654657,0.999999999999091,3.30274472259049
242,5.06802322654657,0.999999999999091,3.30274472259049
243,5.06802322654657,0.999999999999091,3.30274472259049
244,5.06802322654657,0.999999999999091,3.30274472259049
245,5.06802322654657,0.999999999999091,3.30274472259049
246,5.06802322654657,0.999999999999091,3.30274472259049
247,5.06802322654657,0.999999999999091,3.30274472259049
248,5.06802322654657,0.999999999999091,3.30274472259049
249,5.06802322654657,0.999999999999091,3.30274472259049
250,5.06802322654657,0.999999999999091,3.30274472259049
251,5.06802322654657,0.999999999999091,3.30274472259049
252,5.06802322654657,0.999999999999091,3.30274472259049
253,5.06802322654657,0.999999999999091,3.30274472259049
254,5.06802322654657,0.999999999999091,3.30274472259049
255,5.06802322654657,0.999999999999091,3.30274472259049
256,5.06802322654657,0.999999999999091,3.30274472259049
257,5.06802322654657,0.999999999999091,3.30274472259049
258,5.06802322654657,0.999999999999091,3.30274472259049
259,5.06802322654657,0.999999999999091,3.30274472259049
260,5.06802322654657,0.999999999999091,3.30274472259049
261,5.06802322654657,0.999999999999091,3.30274472259049
262,5.06802322654657,0.999999999999091,3.30274472259049
263,5.06802322654657,0.999999999999091,3.30274472259049
264,5.06802322654657,0.999999999999091,3.30274472259049
265,5.06802322654657,0.999999999999091,3.30274472259049
266,5.06802322654657,0.999999999999091,3.30274472259049
267,5.06802322654657,0.999999999999091,3.30274472259049
268,5.06802322654657,0.999999999999091,3.30274472259049
269,5.06802322654657,0.999999999999091,3.30274472259049
270,5.06802322654657,0.999999999999091,3.30274472259049
271,5.06802322654657,0.999999999999091,3.30274472259049
272,5.06802322654657,0.999999999999091,3.30274472259049
273,5.06802322654657,0.999999999999091,3.30274472259049
274,5.06802322654657,0.999999999999091,3.30274472259049
275,5.06802322654657,0.999999999999091,3.30274472259049
276,5.06802322654657,0.999999999999091,3.30274472259049
277,5.06802322654657,0.999999999999091,3.30274472259049
278,5.06802322654657,0.999999999999091,3.30274472259049
279,5.06802322654657,0.999999999999091,3.30274472259049
280,5.06802322654657,0.999999999999091,3.30274472259049
281,5.06802322654657,0.999999999999091,3.30274472259049
282,5.06802322654657,0.999999999999091,3.30274472259049
283,5.06802322654657,0.999999999999091,3.30274472259049
284,5.06802322654657,0.999999999999091,3.30274472259049
285,5.06802322654657,0.999999999999091,3.30274472259049
286,5.06802322654657,0.999999999999091,3.30274472259049
287,5.06802322654657,0.999999999999091,3.30274472259049
288,5.06802322654657,0.999999999999091,3.30274472259049
289,5.06802322654657,0.999999999999091,3.30274472259049
290,5.06802322654657,0.999999999999091,3.30274472259049
291,5.06802322654657,0.999999999999091,3.30274472259049
292,5.06802322654657,0.999999999999091,3.30274472259049
293,5.06802322654657,0.999999999999091,3.30274472259049
294,5.06802322654657,0.999999999999091,3.30274472259049
295,5.06802322654657,0.999999999999091,3.30274472259049
296,5.06802322654657,0.999999999999091,3.30274472259049
297,5.06802322654657,0.999999999999091,3.30274472259049
298,5.06802322654657,0.999999999999091,3.30274472259049
299,5.06802322654657,0.999999999999091,3.30274472259049
300,5.06802322654657,0.999999999999091,3.30274472259049
301,5.06802322654657,0.999999999999091,3.30274472259049
302,5.06802322654657,0.999999999999091,3.30274472259049
303,5.06802322654657,0.999999999999091,3.30274472259049
304,5.06802322654657,0.999999999999091,3.30274472259049
305,5.06802322654657,0.999999999999091,3.30274472259049
306,5.06802322654657,0.999999999999091,3.30274472259049
307,5.06802322654657,0.999999999999091,3.30274472259049
308,5.06802322654657,0.999999999999091,3.30274472259049
309,5.06802322654657,0.999999999999091,3.30274472259049
310,5.06802322654657,0.999999999999091,3.30274472259049
311,5.06802322654657,0.999999999999091,3.30274472259049
312,5.06802322654657,0.999999999999091,3.30274472259049
313,5.06802322654657,0.999999999999091,3.30274472259049
314,5.06802322654657,0.999999999999091,3.30274472259049
315,5.06802322654657,0.999999999999091,3.30274472259049
316,5.06802322654657,0.999999999999091,3.30274472259049
317,5.06802322654657,0.999999999999091,3.30274472259049
318,5.06802322654657,0.999999999999091,3.30274472259049
319,5.06802322654657,0.999999999999091,3.30274472259049
320,5.06802322654657,0.999999999999091,3.30274472259049
321,5.06802322654657,0.999999999999091,3.30274472259049
322,5.06802322654657,0.999999999999091,3.30274472259049
323,5.06802322654657,0.999999999999091,3.30274472259049
324,5.06802322654657,0.999999999999091,3.30274472259049
325,5.06802322654657,0.999999999999091,3.30274472259049
326,5.06802322654657,0.999999999999091,3.30274472259049
327,5.06802322654657,0.999999999999091,3.30274472259049
328,5.06802322654657,0.999999999999091,3.30274472259049
329,5.06802322654657,0.999999999999091,3.30274472259049
330,5.06802322654657,0.999999999999091,3.30274472259049
331,5.06802322654657,0.999999999999091,3.30274472259049
332,5.06802322654657,0.999999999999091,3.30274472259049
333,5.06802322654657,0.999999999999091,3.30274472259049
334,5.06802322654657,0.999999999999091,3.30274472259049
335,5.06802322654657,0.999999999999091,3.30274472259049
336,5.06802322654657,0.999999999999091,3.30274472259049
337,5.06802322654657,0.999999999999091,3.30274472259049
338,5.06802322654657,0.999999999999091,3.30274472259049
339,5.06802322654657,0.999999999999091,3.30274472259049
340,5.06802322654657,0.999999999999091,3.30274472259049
341,5.06802322654657,0.999999999999091,3.30274472259049
342,5.06802322654657,0.999999999999091,3.30274472259049
343,5.06802322654657,0.999999999999091,3.30274472259049
344,5.06802322654657,0.999999999999091,3.30274472259049
345,5.06802322654657,0.999999999999091,3.30274472259049
346,5.06802322654657,0.999999999999091,3.30274472259049
347,5.06802322654657,0.999999999999091,3.30274472259049
348,5.06802322654657,0.999999999999091,3.30274472259049
349,5.06802322654657,0.999999999999091,3.30274472259049
350,5.06802322654657,0.999999999999091,3.30274472259049
351,5.06802322654657,0.999999999999091,3.30274472259049
352,5.06802322654657,0.999999999999091,3.30274472259049
353,5.06802322654657,0.999999999999091,3.30274472259049
354,5.06802322654657,0.999999999999091,3.30274472259049
355,5.06802322654657,0.999999999999091,3.30274472259049
356,5.06802322654657,0.999999999999091,3.30274472259049
357,5.06802322654657,0.999999999999091,3.30274472259049
358,5.06802322654657,0.999999999999091,3.30274472259049
359,5.06802322654657,0.999999999999091,3.30274472259049
360,5.06802322654657,0.999999999999091,3.30274472259049
361,5.06802322654657,0.999999999999091,3.30274472259049
362,5.06802322654657,0.999999999999091,3.30274472259049
363,5.06802322654657,0.999999999999091,3.30274472259049
364,5.06802322654657,0.999999999999091,3.30274472259049
365,5.06802322654657,0.999999999999091,3.30274472259049
366,5.06802322654657,0.999999999999091,3.30274472259049
367,5.06802322654657,0.999999999999091,3.30274472259049
368,5.06802322654657,0.999999999999091,3.30274472259049
369,5.06802322654657,0.999999999999091,3.30274472259049
370,5.06802322654657,0.999999999999091,3.30274472259049
371,5.06802322654657,0.999999999999091,3.30274472259049
372,5.06802322654657,0.999999999999091,3.30274472259049
373,5.06802322654657,0.999999999999091,3.30274472259049
374,5.06802322654657,0.999999999999091,3.30274472259049
375,5.06802322654657,0.999999999999091,3.30274472259049
376,5.06802322654657,0.999999999999091,3.30274472259049
377,5.06802322654657,0.999999999999091,3.30274472259049
378,5.06802322654657,0.999999999999091,3.30274472259049
379,5.06802322654657,0.999999999999091,3.30274472259049
380,5.06802322654657,0.999999999999091,3.30274472259049
381,5.06802322654657,0.999999999999091,3.30274472259049
382,5.06802322654657,0.999999999999091,3.30274472259049
383,5.06802322654657,0.999999999999091,3.30274472259049
384,5.06802322654657,0.999999999999091,3.30274472259049
385,5.06802322654657,0.999999999999091,3.30274472259049
386,5.06802322654657,0.999999999999091,3.30274472259049
387,5.06802322654657,0.999999999999091,3.30274472259049
388,5.06802322654657,0.999999999999091,3.30274472259049
389,5.06802322654657,0.999999999999091,3.30274472259049
390,5.06802322654657,0.999999999999091,3.30274472259049
391,5.06802322654657,0.999999999999091,3.30274472259049
392,5.06802322654657,0.999999999999091,3.30274472259049
393,5.06802322654657,0.999999999999091,3.30274472259049
394,5.06802322654657,0.999999999999091,3.30274472259049
395,5.06802322654657,0.999999999999091,3.30274472259049
396,5.06802322654657,0.999999999999091,3.30274472259049
397,5.06802322654657,0.999999999999091,3.30274472259049
398,5.06802322654657,0.999999999999091,3.30274472259049
399,5.06802322654657,0.999999999999091,3.30274472259049
400,5.06802322654657,0.999999999999091,3.30274472259049
401,5.06802322654657,0.999999999999091,3.30274472259049
402,5.06802322654657,0.999999999999091,3.30274472259049
403,5.06802322654657,0.999999999999091,3.30274472259049
404,5.06802322654657,0.999999999999091,3.30274472259049
405,5.06802322654657,0.999999999999091,3.30274472259049
406,5.06802322654657,0.999999999999091,3.30274472259049
407,5.06802322654657,0.999999999999091,3.30274472259049
408,5.06802322654657,0.999999999999091,3.30274472259049
409,5.06802322654657,0.999999999999091,3.30274472259049
410,5.06802322654657,0.999999999999091,3.30274472259049
411,5.06802322654657,0.999999999999091,3.30274472259049
412,5.06802322654657,0.999999999999091,3.30274472259049
413,5.06802322654657,0.999999999999091,3.30274472259049
414,5.06802322654657,0.999999999999091,3.30274472259049
415,5.06802322654657,0.999999999999091,3.30274472259049
416,5.06802322654657,0.999999999999091,3.30274472259049
417,5.06802322654657,0.999999999999091,3.30274472259049
418,5.06802322654657,0.999999999999091,3.30274472259049
419,5.06802322654657,0.999999999999091,3.30274472259049
420,5.06802322654657,0.999999999999091,3.30274472259049
421,5.06802322654657,0.999999999999091,3.30274472259049
422,5.06802322654657,0.999999999999091,3.30274472259049
423,5.06802322654657,0.999999999999091,3.30274472259049
424,5.06802322654657,0.999999999999091,3.30274472259049
425,5.06802322654657,0.999999999999091,3.30274472259049
426,5.06802322654657,0.999999999999091,3.30274472259049
427,5.06802322654657,0.999999999999091,3.30274472259049
428,5.06802322654657,0.999999999999091,3.30274472259049
429,5.06802322654657,0.999999999999091,3.30274472259049
430,5.06802322654657,0.999999999999091,3.30274472259049
431,5.06802322654657,0.999999999999091,3.30274472259049
432,5.06802322654657,0.999999999999091,3.30274472259049
433,5.06802322654657,0.999999999999091,3.30274472259049
434,5.06802322654657,0.999999999999091,3.30274472259049
435,5.06802322654657,0.999999999999091,3.30274472259049
436,5.06802322654657,0.999999999999091,3.30274472259049
437,5.06802322654657,0.999999999999091,3.30274472259049
438,5.06802322654657,0.999999999999091,3.30274472259049
439,5.06802322654657,0.999999999999091,3.30274472259049
440,5.06802322654657,0.999999999999091,3.30274472259049
441,5.06802322654657,0.999999999999091,3.30274472259049
442,5.06802322654657,0.999999999999091,3.30274472259049
443,5.06802322654657,0.999999999999091,3.30274472259049
444,5.06802322654657,0.999999999999091,3.30274472259049
445,5.06802322654657,0.999999999999091,3.30274472259049
446,5.06802322654657,0.999999999999091,3.30274472259049
447,5.06802322654657,0.999999999999091,3.30274472259049
448,5.06802322654657,0.999999999999091,3.30274472259049
449,5.06802322654657,0.999999999999091,3.30274472259049
450,5.06802322654657,0.999999999999091,3.30274472259049
451,5.06802322654657,0.999999999999091,3.30274472259049
452,5.06802322654657,0.999999999999091,3.30274472259049
453,5.06802322654657,0.999999999999091,3.30274472259049
454,5.06802322654657,0.999999999999091,3.30274472259049
455,5.06802322654657,0.999999999999091,3.30274472259049
456,5.06802322654657,0.999999999999147,3.30274472259049
457,5.06802322654657,0.999999999999091,3.30274472259049
458,5.06802322654657,0.999999999999091,3.30274472259049
459,5.06802322654657,0.999999999999091,3.30274472259049
460,5.06802322654657,0.999999999999091,3.30274472259049
461,5.06802322654657,0.999999999999091,3.30274472259049
462,5.06802322654657,0.999999999999091,3.30274472259049
463,5.06802322654657,0.999999999999091,3.30274472259049
464,5.06802322654657,0.999999999999091,3.30274472259049
465,5.06802322654657,0.999999999999091,3.30274472259049
466,5.06802322654657,0.999999999999091,3.30274472259049
467,5.06802322654657,0.999999999999091,3.30274472259049
468,5.06802322654657,0.999999999999091,3.30274472259049
469,5.06802322654657,0.999999999999091,3.30274472259049
470,5.06802322654657,0.999999999999091,3.30274472259049
471,5.06802322654657,0.999999999999091,3.30274472259049
472,5.06802322654657,0.999999999999091,3.30274472259049
473,5.06802322654657,0.999999999999091,3.30274472259049
474,5.06802322654657,0.999999999999091,3.30274472259049
475,5.06802322654657,0.999999999999091,3.30274472259049
476,5.06802322654657,0.999999999999091,3.30274472259049
477,5.06802322654657,0.999999999999091,3.30274472259049
478,5.06802322654657,0.999999999999091,3.30274472259049
479,5.06802322654657,0.999999999999091,3.30274472259049
480,5.06802322654657,0.999999999999091,3.30274472259049
481,5.06802322654657,0.999999999999091,3.30274472259049
482,5.06802322654657,0.999999999999091,3.30274472259049
483,5.06802322654657,0.999999999999091,3.30274472259049
484,5.06802322654657,0.999999999999091,3.30274472259049
485,5.06802322654657,0.999999999999091,3.30274472259049
486,5.06802322654657,0.999999999999091,3.30274472259049
487,5.06802322654657,0.999999999999091,3.30274472259049
488,5.06802322654657,0.999999999999091,3.30274472259049
489,5.06802322654657,0.999999999999091,3.30274472259049
490,5.06802322654657,0.999999999999091,3.30274472259049
491,5.06802322654657,0.999999999999091,3.30274472259049
492,5.06802322654657,0.999999999999091,3.30274472259049
493,5.06802322654657,0.999999999999091,3.30274472259049
494,5.06802322654657,0.999999999999091,3.30274472259049
495,5.06802322654657,0.999999999999091,3.30274472259049
496,5.06802322654657,0.999999999999091,3.30274472259049
497,5.06802322654657,0.999999999999091,3.30274472259049
498,5.06802322654657,0.999999999999091,3.30274472259049
499,5.06802322654657,0.999999999999091,3.30274472259049
500,5.06802322654657,0.999999999999091,3.30274472259049
501,5.06802322654657,0.999999999999091,3.30274472259049
502,5.06802322654657,0.999999999999091,3.30274472259049
503,5.06802322654657,0.999999999999091,3.30274472259049
504,5.06802322654657,0.999999999999091,3.30274472259049
505,5.06802322654657,0.999999999999091,3.30274472259049
506,5.06802322654657,0.999999999999091,3.30274472259049
507,5.06802322654657,0.999999999999091,3.30274472259049
508,5.06802322654657,0.999999999999091,3.30274472259049
509,5.06802322654657,0.999999999999091,3.30274472259049
510,5.06802322654657,0.999999999999091,3.30274472259049
511,5.06802322654657,0.999999999999091,3.30274472259049
512,5.06802322654657,0.999999999999091,3.30274472259049
513,5.06802322654657,0.999999999999091,3.30274472259049
514,5.06802322654657,0.999999999999091,3.30274472259049
515,5.06802322654657,0.999999999999091,3.30274472259049
516,5.06802322654657,0.999999999999091,3.30274472259049
517,5.06802322654657,0.999999999999091,3.30274472259049
518,5.06802322654657,0.999999999999091,3.30274472259049
519,5.06802322654657,0.999999999999091,3.30274472259049
520,5.06802322654657,0.999999999999091,3.30274472259049
521,5.06802322654657,0.999999999999091,3.30274472259049
522,5.06802322654657,0.999999999999091,3.30274472259049
523,5.06802322654657,0.999999999999091,3.30274472259049
524,5.06802322654657,0.999999999999091,3.30274472259049
525,5.06802322654657,0.999999999999091,3.30274472259049
526,5.06802322654657,0.999999999999091,3.30274472259049
527,5.06802322654657,0.999999999999091,3.30274472259049
528,5.06802322654657,0.999999999999091,3.30274472259049
529,5.06802322654657,0.999999999999091,3.30274472259049
530,5.06802322654657,0.999999999999091,3.30274472259049
531,5.06802322654657,0.999999999999091,3.30274472259049
532,5.06802322654657,0.999999999999091,3.30274472259049
533,5.06802322654657,0.999999999999091,3.30274472259049
534,5.06802322654657,0.999999999999091,3.30274472259049
535,5.06802322654657,0.999999999999091,3.30274472259049
536,5.06802322654657,0.999999999999091,3.30274472259049
537,5.06802322654657,0.999999999999091,3.30274472259049
538,5.06802322654657,0.999999999999091,3.30274472259049
539,5.06802322654657,0.999999999999091,3.30274472259049
540,5.06802322654657,0.999999999999091,3.30274472259049
541,5.06802322654657,0.999999999999091,3.30274472259049
542,5.06802322654657,0.999999999999091,3.30274472259049
543,5.06802322654657,0.999999999999091,3.30274472259049
544,5.06802322654657,0.999999999999091,3.30274472259049
545,NaN,0,NaN
546,NaN,0,NaN
547,NaN,0,NaN
548,NaN,0,NaN
549,NaN,0,NaN
550,NaN,0,NaN
551,NaN,0,NaN
552,NaN,0,NaN
553,NaN,0,NaN
554,NaN,0,NaN
555,NaN,0,NaN
556,NaN,0,NaN
557,NaN,0,NaN
558,NaN,0,NaN
559,NaN,0,NaN
560,NaN,0,NaN
561,NaN,0,NaN
562,NaN,0,NaN
563,NaN,0,NaN
564,NaN,0,NaN
565,NaN,0,NaN
566,NaN,0,NaN
567,NaN,0,NaN
568,NaN,0,NaN
569,NaN,0,NaN
570,NaN,0,NaN
571,NaN,0,NaN
572,NaN,0,NaN
573,NaN,0,NaN
574,NaN,0,NaN
575,NaN,0,NaN
576,NaN,0,NaN
577,NaN,0,NaN
578,NaN,0,NaN
579,NaN,0,NaN
580,NaN,0,NaN
581,NaN,0,NaN
582,NaN,0,NaN
583,NaN,0,NaN
584,NaN,0,NaN
585,NaN,0,NaN
586,NaN,0,NaN
587,NaN,0,NaN
588,NaN,0,NaN
589,NaN,0,NaN
590,NaN,0,NaN
591,NaN,0,NaN
592,NaN,0,NaN
593,NaN,0,NaN
594,NaN,0,NaN
595,NaN,0,NaN
596,NaN,0,NaN
597,NaN,0,NaN
598,NaN,0,NaN
599,NaN,0,NaN
600,NaN,0,NaN
